<?xml version="1.0" encoding="UTF-8"?>
<config xmlns="http://www.knime.org/2008/09/XMLConfig" xmlns:xsi="http://www.w3.org/2001/XMLSchema-instance" xsi:schemaLocation="http://www.knime.org/2008/09/XMLConfig http://www.knime.org/XMLConfig_2008_09.xsd" key="MiningSchema">
<config key="learning">
<entry key="array-size" type="xint" value="12"/>
<entry key="0" type="xstring" value="city_name"/>
<entry key="1" type="xstring" value="AVERAGE_FREE_FLOW_SPEED"/>
<entry key="2" type="xstring" value="AVERAGE_TIME_DIFF"/>
<entry key="3" type="xstring" value="AVERAGE_FREE_FLOW_TIME"/>
<entry key="4" type="xstring" value="LUMINOSITY"/>
<entry key="5" type="xstring" value="AVERAGE_TEMPERATURE"/>
<entry key="6" type="xstring" value="AVERAGE_ATMOSP_PRESSURE"/>
<entry key="7" type="xstring" value="AVERAGE_HUMIDITY"/>
<entry key="8" type="xstring" value="AVERAGE_WIND_SPEED"/>
<entry key="9" type="xstring" value="AVERAGE_CLOUDINESS"/>
<entry key="10" type="xstring" value="AVERAGE_PRECIPITATION"/>
<entry key="11" type="xstring" value="AVERAGE_RAIN"/>
</config>
<config key="target">
<entry key="array-size" type="xint" value="1"/>
<entry key="0" type="xstring" value="AVERAGE_SPEED_DIFF"/>
</config>
</config>
