<?xml version="1.0" encoding="UTF-8"?>
<config xmlns="http://www.knime.org/2008/09/XMLConfig" xmlns:xsi="http://www.w3.org/2001/XMLSchema-instance" xsi:schemaLocation="http://www.knime.org/2008/09/XMLConfig http://www.knime.org/XMLConfig_2008_09.xsd" key="MiningSchema">
<config key="learning">
<entry key="array-size" type="xint" value="14"/>
<entry key="0" type="xstring" value="AVERAGE_FREE_FLOW_SPEED"/>
<entry key="1" type="xstring" value="AVERAGE_TIME_DIFF"/>
<entry key="2" type="xstring" value="AVERAGE_FREE_FLOW_TIME"/>
<entry key="3" type="xstring" value="LUMINOSITY"/>
<entry key="4" type="xstring" value="AVERAGE_TEMPERATURE"/>
<entry key="5" type="xstring" value="AVERAGE_HUMIDITY"/>
<entry key="6" type="xstring" value="AVERAGE_WIND_SPEED"/>
<entry key="7" type="xstring" value="AVERAGE_RAIN"/>
<entry key="8" type="xstring" value="Month (number)"/>
<entry key="9" type="xstring" value="Day of week (name)"/>
<entry key="10" type="xstring" value="Hour"/>
<entry key="11" type="xstring" value="Periodos de transito"/>
<entry key="12" type="xstring" value="binner_avg_time_diff"/>
<entry key="13" type="xstring" value="Designaçao"/>
</config>
<config key="target">
<entry key="array-size" type="xint" value="1"/>
<entry key="0" type="xstring" value="AVERAGE_SPEED_DIFF"/>
</config>
</config>
