<?xml version="1.0" encoding="UTF-8"?>
<config xmlns="http://www.knime.org/2008/09/XMLConfig" xmlns:xsi="http://www.w3.org/2001/XMLSchema-instance" xsi:schemaLocation="http://www.knime.org/2008/09/XMLConfig http://www.knime.org/XMLConfig_2008_09.xsd" key="MiningSchema">
<config key="learning">
<entry key="array-size" type="xint" value="16"/>
<entry key="0" type="xstring" value="hair"/>
<entry key="1" type="xstring" value="feathers"/>
<entry key="2" type="xstring" value="eggs"/>
<entry key="3" type="xstring" value="milk"/>
<entry key="4" type="xstring" value="airborne"/>
<entry key="5" type="xstring" value="aquatic"/>
<entry key="6" type="xstring" value="predator"/>
<entry key="7" type="xstring" value="toothed"/>
<entry key="8" type="xstring" value="backbone"/>
<entry key="9" type="xstring" value="breathes"/>
<entry key="10" type="xstring" value="venomous"/>
<entry key="11" type="xstring" value="fins"/>
<entry key="12" type="xstring" value="legs"/>
<entry key="13" type="xstring" value="tail"/>
<entry key="14" type="xstring" value="domestic"/>
<entry key="15" type="xstring" value="catsize"/>
</config>
<config key="target">
<entry key="array-size" type="xint" value="1"/>
<entry key="0" type="xstring" value="class_type"/>
</config>
</config>
